{ "frames": [
   {
    "filename": "Jump-All-2 0.aseprite",
    "frame": { "x": 0, "y": 0, "w": 160, "h": 160 },
    "rotated": false,
    "trimmed": false,
    "spriteSourceSize": { "x": 0, "y": 0, "w": 160, "h": 160 },
    "sourceSize": { "w": 160, "h": 160 },
    "duration": 100
   },
   {
    "filename": "Jump-All-2 1.aseprite",
    "frame": { "x": 160, "y": 0, "w": 160, "h": 160 },
    "rotated": false,
    "trimmed": false,
    "spriteSourceSize": { "x": 0, "y": 0, "w": 160, "h": 160 },
    "sourceSize": { "w": 160, "h": 160 },
    "duration": 100
   },
   {
    "filename": "Jump-All-2 2.aseprite",
    "frame": { "x": 320, "y": 0, "w": 160, "h": 160 },
    "rotated": false,
    "trimmed": false,
    "spriteSourceSize": { "x": 0, "y": 0, "w": 160, "h": 160 },
    "sourceSize": { "w": 160, "h": 160 },
    "duration": 100
   },
   {
    "filename": "Jump-All-2 3.aseprite",
    "frame": { "x": 480, "y": 0, "w": 160, "h": 160 },
    "rotated": false,
    "trimmed": false,
    "spriteSourceSize": { "x": 0, "y": 0, "w": 160, "h": 160 },
    "sourceSize": { "w": 160, "h": 160 },
    "duration": 100
   },
   {
    "filename": "Jump-All-2 4.aseprite",
    "frame": { "x": 640, "y": 0, "w": 160, "h": 160 },
    "rotated": false,
    "trimmed": false,
    "spriteSourceSize": { "x": 0, "y": 0, "w": 160, "h": 160 },
    "sourceSize": { "w": 160, "h": 160 },
    "duration": 100
   },
   {
    "filename": "Jump-All-2 5.aseprite",
    "frame": { "x": 800, "y": 0, "w": 160, "h": 160 },
    "rotated": false,
    "trimmed": false,
    "spriteSourceSize": { "x": 0, "y": 0, "w": 160, "h": 160 },
    "sourceSize": { "w": 160, "h": 160 },
    "duration": 100
   },
   {
    "filename": "Jump-All-2 6.aseprite",
    "frame": { "x": 960, "y": 0, "w": 160, "h": 160 },
    "rotated": false,
    "trimmed": false,
    "spriteSourceSize": { "x": 0, "y": 0, "w": 160, "h": 160 },
    "sourceSize": { "w": 160, "h": 160 },
    "duration": 100
   },
   {
    "filename": "Jump-All-2 7.aseprite",
    "frame": { "x": 1120, "y": 0, "w": 160, "h": 160 },
    "rotated": false,
    "trimmed": false,
    "spriteSourceSize": { "x": 0, "y": 0, "w": 160, "h": 160 },
    "sourceSize": { "w": 160, "h": 160 },
    "duration": 100
   },
   {
    "filename": "Jump-All-2 8.aseprite",
    "frame": { "x": 1280, "y": 0, "w": 160, "h": 160 },
    "rotated": false,
    "trimmed": false,
    "spriteSourceSize": { "x": 0, "y": 0, "w": 160, "h": 160 },
    "sourceSize": { "w": 160, "h": 160 },
    "duration": 100
   },
   {
    "filename": "Jump-All-2 9.aseprite",
    "frame": { "x": 1440, "y": 0, "w": 160, "h": 160 },
    "rotated": false,
    "trimmed": false,
    "spriteSourceSize": { "x": 0, "y": 0, "w": 160, "h": 160 },
    "sourceSize": { "w": 160, "h": 160 },
    "duration": 100
   },
   {
    "filename": "Jump-All-2 10.aseprite",
    "frame": { "x": 1600, "y": 0, "w": 160, "h": 160 },
    "rotated": false,
    "trimmed": false,
    "spriteSourceSize": { "x": 0, "y": 0, "w": 160, "h": 160 },
    "sourceSize": { "w": 160, "h": 160 },
    "duration": 100
   }
 ],
 "meta": {
  "app": "https://www.aseprite.org/",
  "version": "1.2.40-x64",
  "image": "Jump-All-2.png",
  "format": "RGBA8888",
  "size": { "w": 1760, "h": 160 },
  "scale": "1",
  "frameTags": [
   { "name": "Start", "from": 0, "to": 3, "direction": "forward" },
   { "name": "Jump", "from": 4, "to": 7, "direction": "forward" }
  ],
  "layers": [
   { "name": "Layer 1", "opacity": 255, "blendMode": "normal" },
   { "name": "Layer 2", "opacity": 255, "blendMode": "normal" }
  ],
  "slices": [
  ]
 }
}
