{ "frames": [
   {
    "filename": "Jump 0.aseprite",
    "frame": { "x": 0, "y": 0, "w": 160, "h": 160 },
    "rotated": false,
    "trimmed": false,
    "spriteSourceSize": { "x": 0, "y": 0, "w": 160, "h": 160 },
    "sourceSize": { "w": 160, "h": 160 },
    "duration": 100
   },
   {
    "filename": "Jump 1.aseprite",
    "frame": { "x": 160, "y": 0, "w": 160, "h": 160 },
    "rotated": false,
    "trimmed": false,
    "spriteSourceSize": { "x": 0, "y": 0, "w": 160, "h": 160 },
    "sourceSize": { "w": 160, "h": 160 },
    "duration": 100
   },
   {
    "filename": "Jump 2.aseprite",
    "frame": { "x": 320, "y": 0, "w": 160, "h": 160 },
    "rotated": false,
    "trimmed": false,
    "spriteSourceSize": { "x": 0, "y": 0, "w": 160, "h": 160 },
    "sourceSize": { "w": 160, "h": 160 },
    "duration": 100
   },
   {
    "filename": "Jump 3.aseprite",
    "frame": { "x": 480, "y": 0, "w": 160, "h": 160 },
    "rotated": false,
    "trimmed": false,
    "spriteSourceSize": { "x": 0, "y": 0, "w": 160, "h": 160 },
    "sourceSize": { "w": 160, "h": 160 },
    "duration": 100
   },
   {
    "filename": "Jump 4.aseprite",
    "frame": { "x": 640, "y": 0, "w": 160, "h": 160 },
    "rotated": false,
    "trimmed": false,
    "spriteSourceSize": { "x": 0, "y": 0, "w": 160, "h": 160 },
    "sourceSize": { "w": 160, "h": 160 },
    "duration": 100
   },
   {
    "filename": "Jump 5.aseprite",
    "frame": { "x": 800, "y": 0, "w": 160, "h": 160 },
    "rotated": false,
    "trimmed": false,
    "spriteSourceSize": { "x": 0, "y": 0, "w": 160, "h": 160 },
    "sourceSize": { "w": 160, "h": 160 },
    "duration": 100
   },
   {
    "filename": "Jump 6.aseprite",
    "frame": { "x": 960, "y": 0, "w": 160, "h": 160 },
    "rotated": false,
    "trimmed": false,
    "spriteSourceSize": { "x": 0, "y": 0, "w": 160, "h": 160 },
    "sourceSize": { "w": 160, "h": 160 },
    "duration": 100
   },
   {
    "filename": "Jump 7.aseprite",
    "frame": { "x": 1120, "y": 0, "w": 160, "h": 160 },
    "rotated": false,
    "trimmed": false,
    "spriteSourceSize": { "x": 0, "y": 0, "w": 160, "h": 160 },
    "sourceSize": { "w": 160, "h": 160 },
    "duration": 100
   }
 ],
 "meta": {
  "app": "https://www.aseprite.org/",
  "version": "1.2.40-x64",
  "image": "Jump.png",
  "format": "RGBA8888",
  "size": { "w": 1280, "h": 160 },
  "scale": "1",
  "frameTags": [
   { "name": "Loop", "from": 0, "to": 7, "direction": "forward" }
  ],
  "layers": [
   { "name": "Layer 1", "opacity": 255, "blendMode": "normal" },
   { "name": "Layer 2", "opacity": 255, "blendMode": "normal" }
  ],
  "slices": [
  ]
 }
}
